customer_id,name,email,location
1,Randy Clements,dhicks@example.org,Davidbury
2,Jonathan Smith,andrewhunt@example.org,New Amanda
3,Michael Wagner,smithjames@example.com,East Shannonton
4,Mark Terry,wendy50@example.com,East Sylvia
5,Cheryl Watts,wbell@example.org,Port Kyle
6,James Cole,krobinson@example.net,Danieltown
7,Darrell Rivera,shanefowler@example.com,Donaldborough
8,Ms. Jennifer Brady DVM,michael37@example.net,Nicholasmouth
9,Alexander Oneill,jason83@example.org,Phelpsbury
10,Jasmine Vargas,meadowssabrina@example.net,Edwinchester
11,Erin Soto,joshua77@example.com,West Thomasmouth
12,Lee Gill DDS,davidlewis@example.com,Frazierland
13,Gina Johnson,lcarroll@example.net,North Dawn
14,Jacob Johnson,wheeleramber@example.org,North Mark
15,Tracy Davidson,mhoffman@example.net,Jamesborough
16,Matthew Olson,conradmelissa@example.net,South Valeriestad
17,Jeff Terry,vmejia@example.com,Hallshire
18,Ashley Kennedy,rick77@example.org,New Alexandria
19,Connor Martinez,nhall@example.org,Jordanville
20,Jeremiah Ferguson,josephowens@example.com,Walkerberg
